"Time","Length","Sequence Number","Acknowledgment Number","Info"
"15.000836331","19906","35212827","1","[TCP Window Full] 19  >  57254 [PSH, ACK] Seq=35212827 Ack=1 Win=65280 Len=19840 TSval=2972606796 TSecr=1160811668"
"15.043925727","25114","35232667","1","19  >  57254 [PSH, ACK] Seq=35232667 Ack=1 Win=65280 Len=25048 TSval=2972606839 TSecr=1160811711"
"15.043951236","65226","35257715","1","19  >  57254 [PSH, ACK] Seq=35257715 Ack=1 Win=65280 Len=65160 TSval=2972606839 TSecr=1160811711"
"15.043957107","59434","35322875","1","19  >  57254 [PSH, ACK] Seq=35322875 Ack=1 Win=65280 Len=59368 TSval=2972606839 TSecr=1160811711"
"15.045216661","5858","35382243","1","19  >  57254 [PSH, ACK] Seq=35382243 Ack=1 Win=65280 Len=5792 TSval=2972606840 TSecr=1160811712"
"15.045243623","65226","35388035","1","19  >  57254 [PSH, ACK] Seq=35388035 Ack=1 Win=65280 Len=65160 TSval=2972606840 TSecr=1160811712"
"15.048371489","34242","35453195","1","[TCP Window Full] 19  >  57254 [PSH, ACK] Seq=35453195 Ack=1 Win=65280 Len=34176 TSval=2972606843 TSecr=1160811715"
"15.092433110","31050","35487371","1","19  >  57254 [PSH, ACK] Seq=35487371 Ack=1 Win=65280 Len=30984 TSval=2972606887 TSecr=1160811759"
"15.092462406","65226","35518355","1","19  >  57254 [PSH, ACK] Seq=35518355 Ack=1 Win=65280 Len=65160 TSval=2972606887 TSecr=1160811759[Packet size limited during capture]"
"15.092467787","56538","35583515","1","19  >  57254 [PSH, ACK] Seq=35583515 Ack=1 Win=65280 Len=56472 TSval=2972606887 TSecr=1160811759"
"15.092997345","8754","35639987","1","19  >  57254 [PSH, ACK] Seq=35639987 Ack=1 Win=65280 Len=8688 TSval=2972606888 TSecr=1160811760"
"15.093016823","65226","35648675","1","19  >  57254 [PSH, ACK] Seq=35648675 Ack=1 Win=65280 Len=65160 TSval=2972606888 TSecr=1160811760"
"15.093477241","36290","35713835","1","[TCP Window Full] 19  >  57254 [PSH, ACK] Seq=35713835 Ack=1 Win=65280 Len=36224 TSval=2972606888 TSecr=1160811761"
"15.093997662","17858","35750059","1","[TCP Window Full] 19  >  57254 [PSH, ACK] Seq=35750059 Ack=1 Win=65280 Len=17792 TSval=2972606889 TSecr=1160811761"
"15.155431894","11210","35767851","1","19  >  57254 [PSH, ACK] Seq=35767851 Ack=1 Win=65280 Len=11144 TSval=2972606950 TSecr=1160811822"
"15.155464006","65226","35778995","1","19  >  57254 [PSH, ACK] Seq=35778995 Ack=1 Win=65280 Len=65160 TSval=2972606950 TSecr=1160811822"
"15.155467122","65226","35844155","1","19  >  57254 [PSH, ACK] Seq=35844155 Ack=1 Win=65280 Len=65160 TSval=2972606950 TSecr=1160811822"
"15.155473855","34818","35909315","1","19  >  57254 [PSH, ACK] Seq=35909315 Ack=1 Win=65280 Len=34752 TSval=2972606950 TSecr=1160811822"
"15.156030016","30474","35944067","1","19  >  57254 [PSH, ACK] Seq=35944067 Ack=1 Win=65280 Len=30408 TSval=2972606951 TSecr=1160811823"
"15.156042560","55034","35974475","1","[TCP Window Full] 19  >  57254 [PSH, ACK] Seq=35974475 Ack=1 Win=65280 Len=54968 TSval=2972606951 TSecr=1160811823"
"15.156707611","10258","36029443","1","19  >  57254 [PSH, ACK] Seq=36029443 Ack=1 Win=65280 Len=10192 TSval=2972606952 TSecr=1160811824"
"15.156724594","29026","36039635","1","19  >  57254 [PSH, ACK] Seq=36039635 Ack=1 Win=65280 Len=28960 TSval=2972606952 TSecr=1160811824"
"15.157452072","17858","36068595","1","[TCP Window Full] 19  >  57254 [PSH, ACK] Seq=36068595 Ack=1 Win=65280 Len=17792 TSval=2972606952 TSecr=1160811825"
"15.223770785","18474","36086387","1","19  >  57254 [PSH, ACK] Seq=36086387 Ack=1 Win=65280 Len=18408 TSval=2972607019 TSecr=1160811891"
"15.223812335","65226","36104795","1","19  >  57254 [PSH, ACK] Seq=36104795 Ack=1 Win=65280 Len=65160 TSval=2972607019 TSecr=1160811891"
"15.223816273","65226","36169955","1","19  >  57254 [PSH, ACK] Seq=36169955 Ack=1 Win=65280 Len=65160 TSval=2972607019 TSecr=1160811891"
"15.223824469","27578","36235115","1","19  >  57254 [PSH, ACK] Seq=36235115 Ack=1 Win=65280 Len=27512 TSval=2972607019 TSecr=1160811891"
"15.225053835","37714","36262627","1","19  >  57254 [PSH, ACK] Seq=36262627 Ack=1 Win=65280 Len=37648 TSval=2972607020 TSecr=1160811892"
"15.225070587","47794","36300275","1","[TCP Window Full] 19  >  57254 [PSH, ACK] Seq=36300275 Ack=1 Win=65280 Len=47728 TSval=2972607020 TSecr=1160811892"
"15.225650641","17498","36348003","1","19  >  57254 [PSH, ACK] Seq=36348003 Ack=1 Win=65280 Len=17432 TSval=2972607020 TSecr=1160811893"
"15.225684546","21786","36365435","1","19  >  57254 [PSH, ACK] Seq=36365435 Ack=1 Win=65280 Len=21720 TSval=2972607020 TSecr=1160811893"
"15.226402425","17858","36387155","1","[TCP Window Full] 19  >  57254 [PSH, ACK] Seq=36387155 Ack=1 Win=65280 Len=17792 TSval=2972607021 TSecr=1160811894"
"15.271120210","25714","36404947","1","19  >  57254 [PSH, ACK] Seq=36404947 Ack=1 Win=65280 Len=25648 TSval=2972607066 TSecr=1160811938"
"15.271155478","65226","36430595","1","19  >  57254 [PSH, ACK] Seq=36430595 Ack=1 Win=65280 Len=65160 TSval=2972607066 TSecr=1160811938"
"15.271167290","56538","36495755","1","19  >  57254 [PSH, ACK] Seq=36495755 Ack=1 Win=65280 Len=56472 TSval=2972607066 TSecr=1160811938"
"15.272516381","8754","36552227","1","19  >  57254 [PSH, ACK] Seq=36552227 Ack=1 Win=65280 Len=8688 TSval=2972607067 TSecr=1160811940"
"15.272561968","62418","36560915","1","[TCP Window Full] 19  >  57254 [PSH, ACK] Seq=36560915 Ack=1 Win=65280 Len=62352 TSval=2972607067 TSecr=1160811940"
"15.272986494","2874","36623267","1","19  >  57254 [PSH, ACK] Seq=36623267 Ack=1 Win=65280 Len=2808 TSval=2972607068 TSecr=1160811940"
"15.273006202","29026","36626075","1","19  >  57254 [PSH, ACK] Seq=36626075 Ack=1 Win=65280 Len=28960 TSval=2972607068 TSecr=1160811940"
"15.318700676","36266","36655035","1","19  >  57254 [PSH, ACK] Seq=36655035 Ack=1 Win=65280 Len=36200 TSval=2972607113 TSecr=1160811986"
"15.318730884","65226","36691235","1","19  >  57254 [PSH, ACK] Seq=36691235 Ack=1 Win=65280 Len=65160 TSval=2972607113 TSecr=1160811986"
"15.318736976","52434","36756395","1","[TCP Window Full] 19  >  57254 [PSH, ACK] Seq=36756395 Ack=1 Win=65280 Len=52368 TSval=2972607113 TSecr=1160811986"
"15.319900024","12858","36808763","1","19  >  57254 [PSH, ACK] Seq=36808763 Ack=1 Win=65280 Len=12792 TSval=2972607115 TSecr=1160811987"
"15.319921826","62330","36821555","1","19  >  57254 [PSH, ACK] Seq=36821555 Ack=1 Win=65280 Len=62264 TSval=2972607115 TSecr=1160811987"
"15.320479306","2962","36883819","1","19  >  57254 [PSH, ACK] Seq=36883819 Ack=1 Win=65280 Len=2896 TSval=2972607115 TSecr=1160811988"
"15.320498674","31346","36886715","1","[TCP Window Full] 19  >  57254 [PSH, ACK] Seq=36886715 Ack=1 Win=65280 Len=31280 TSval=2972607115 TSecr=1160811988"
"15.365584818","33946","36917995","1","19  >  57254 [PSH, ACK] Seq=36917995 Ack=1 Win=65280 Len=33880 TSval=2972607160 TSecr=1160812033"
"15.365611690","65226","36951875","1","19  >  57254 [PSH, ACK] Seq=36951875 Ack=1 Win=65280 Len=65160 TSval=2972607160 TSecr=1160812033"
"15.365622440","53642","37017035","1","19  >  57254 [PSH, ACK] Seq=37017035 Ack=1 Win=65280 Len=53576 TSval=2972607160 TSecr=1160812033"
"15.366685864","11650","37070611","1","19  >  57254 [PSH, ACK] Seq=37070611 Ack=1 Win=65280 Len=11584 TSval=2972607161 TSecr=1160812034"
"15.366706905","61570","37082195","1","[TCP Window Full] 19  >  57254 [PSH, ACK] Seq=37082195 Ack=1 Win=65280 Len=61504 TSval=2972607161 TSecr=1160812034"
"15.367330443","3722","37143699","1","19  >  57254 [PSH, ACK] Seq=37143699 Ack=1 Win=65280 Len=3656 TSval=2972607162 TSecr=1160812035"
"15.367342726","30474","37147355","1","19  >  57254 [PSH, ACK] Seq=37147355 Ack=1 Win=65280 Len=30408 TSval=2972607162 TSecr=1160812035"
"15.437049201","34818","37177763","1","19  >  57254 [PSH, ACK] Seq=37177763 Ack=1 Win=65280 Len=34752 TSval=2972607232 TSecr=1160812104"
"15.437073778","65226","37212515","1","19  >  57254 [PSH, ACK] Seq=37212515 Ack=1 Win=65280 Len=65160 TSval=2972607232 TSecr=1160812104"
"15.437076514","65226","37277675","1","19  >  57254 [PSH, ACK] Seq=37277675 Ack=1 Win=65280 Len=65160 TSval=2972607232 TSecr=1160812104"
"15.437084509","21490","37342835","1","[TCP Window Full] 19  >  57254 [PSH, ACK] Seq=37342835 Ack=1 Win=65280 Len=21424 TSval=2972607232 TSecr=1160812104"
"15.437666269","43802","37364259","1","19  >  57254 [PSH, ACK] Seq=37364259 Ack=1 Win=65280 Len=43736 TSval=2972607232 TSecr=1160812105"
"15.437674766","44954","37407995","1","19  >  57254 [PSH, ACK] Seq=37407995 Ack=1 Win=65280 Len=44888 TSval=2972607232 TSecr=1160812105"
"15.438271906","20338","37452883","1","19  >  57254 [PSH, ACK] Seq=37452883 Ack=1 Win=65280 Len=20272 TSval=2972607233 TSecr=1160812106"
"15.438280272","24210","37473155","1","[TCP Window Full] 19  >  57254 [PSH, ACK] Seq=37473155 Ack=1 Win=65280 Len=24144 TSval=2972607233 TSecr=1160812106"
"15.438902741","21954","37497299","1","[TCP Window Full] 19  >  57254 [PSH, ACK] Seq=37497299 Ack=1 Win=65280 Len=21888 TSval=2972607234 TSecr=1160812106"
"15.554229830","19194","37519187","1","19  >  57254 [PSH, ACK] Seq=37519187 Ack=1 Win=65280 Len=19128 TSval=2972607349 TSecr=1160812221"
"15.554258445","65226","37538315","1","19  >  57254 [PSH, ACK] Seq=37538315 Ack=1 Win=65280 Len=65160 TSval=2972607349 TSecr=1160812221"
"15.554265198","62330","37603475","1","19  >  57254 [PSH, ACK] Seq=37603475 Ack=1 Win=65280 Len=62264 TSval=2972607349 TSecr=1160812221"
"15.554714781","2962","37665739","1","19  >  57254 [PSH, ACK] Seq=37665739 Ack=1 Win=65280 Len=2896 TSval=2972607350 TSecr=1160812222"
"15.554724360","65226","37668635","1","19  >  57254 [PSH, ACK] Seq=37668635 Ack=1 Win=65280 Len=65160 TSval=2972607350 TSecr=1160812222"
"15.554727526","3050","37733795","1","[TCP Window Full] 19  >  57254 [PSH, ACK] Seq=37733795 Ack=1 Win=65280 Len=2984 TSval=2972607350 TSecr=1160812222"
"15.555222030","34242","37736779","1","[TCP Window Full] 19  >  57254 [PSH, ACK] Seq=37736779 Ack=1 Win=65280 Len=34176 TSval=2972607350 TSecr=1160812223"
"15.641019712","28066","37770955","1","19  >  57254 [PSH, ACK] Seq=37770955 Ack=1 Win=65280 Len=28000 TSval=2972607436 TSecr=1160812308"
"15.641044811","65226","37798955","1","19  >  57254 [PSH, ACK] Seq=37798955 Ack=1 Win=65280 Len=65160 TSval=2972607436 TSecr=1160812308"
"15.641050101","57986","37864115","1","19  >  57254 [PSH, ACK] Seq=37864115 Ack=1 Win=65280 Len=57920 TSval=2972607436 TSecr=1160812308"
"15.641677008","7306","37922035","1","19  >  57254 [PSH, ACK] Seq=37922035 Ack=1 Win=65280 Len=7240 TSval=2972607436 TSecr=1160812309"
"15.641694071","65226","37929275","1","19  >  57254 [PSH, ACK] Seq=37929275 Ack=1 Win=65280 Len=65160 TSval=2972607436 TSecr=1160812309"
"15.642395492","36290","37994435","1","[TCP Window Full] 19  >  57254 [PSH, ACK] Seq=37994435 Ack=1 Win=65280 Len=36224 TSval=2972607437 TSecr=1160812310"
"15.643081974","17858","38030659","1","[TCP Window Full] 19  >  57254 [PSH, ACK] Seq=38030659 Ack=1 Win=65280 Len=17792 TSval=2972607438 TSecr=1160812310"
"15.850229185","66","38048450","1","[TCP Keep-Alive] 19  >  57254 [ACK] Seq=38048450 Ack=1 Win=65280 Len=0 TSval=2972607645 TSecr=1160812311"
"15.861022624","11210","38048451","1","19  >  57254 [PSH, ACK] Seq=38048451 Ack=1 Win=65280 Len=11144 TSval=2972607656 TSecr=1160812528"
"15.861050968","65226","38059595","1","19  >  57254 [PSH, ACK] Seq=38059595 Ack=1 Win=65280 Len=65160 TSval=2972607656 TSecr=1160812528"
"15.861054134","65226","38124755","1","19  >  57254 [PSH, ACK] Seq=38124755 Ack=1 Win=65280 Len=65160 TSval=2972607656 TSecr=1160812528"
"15.861060426","34818","38189915","1","19  >  57254 [PSH, ACK] Seq=38189915 Ack=1 Win=65280 Len=34752 TSval=2972607656 TSecr=1160812528"
"15.861379144","30474","38224667","1","19  >  57254 [PSH, ACK] Seq=38224667 Ack=1 Win=65280 Len=30408 TSval=2972607656 TSecr=1160812529"
"15.861872312","65226","38255075","1","19  >  57254 [PSH, ACK] Seq=38255075 Ack=1 Win=65280 Len=65160 TSval=2972607657 TSecr=1160812529"
"15.861891389","3898","38320235","1","[TCP Window Full] 19  >  57254 [PSH, ACK] Seq=38320235 Ack=1 Win=65280 Len=3832 TSval=2972607657 TSecr=1160812529"
"15.868841510","34242","38324067","1","[TCP Window Full] 19  >  57254 [PSH, ACK] Seq=38324067 Ack=1 Win=65280 Len=34176 TSval=2972607664 TSecr=1160812536"
"16.051640504","27218","38358243","1","19  >  57254 [PSH, ACK] Seq=38358243 Ack=1 Win=65280 Len=27152 TSval=2972607846 TSecr=1160812719"
"16.051670272","65226","38385395","1","19  >  57254 [PSH, ACK] Seq=38385395 Ack=1 Win=65280 Len=65160 TSval=2972607846 TSecr=1160812719"
"16.051673979","65226","38450555","1","19  >  57254 [PSH, ACK] Seq=38450555 Ack=1 Win=65280 Len=65160 TSval=2972607846 TSecr=1160812719"
"16.051680992","26130","38515715","1","19  >  57254 [PSH, ACK] Seq=38515715 Ack=1 Win=65280 Len=26064 TSval=2972607846 TSecr=1160812719"
"16.052355336","39162","38541779","1","19  >  57254 [PSH, ACK] Seq=38541779 Ack=1 Win=65280 Len=39096 TSval=2972607847 TSecr=1160812720"
"16.052370244","50442","38580875","1","[TCP Window Full] 19  >  57254 [PSH, ACK] Seq=38580875 Ack=1 Win=65280 Len=50376 TSval=2972607847 TSecr=1160812720"
"16.053012003","14850","38631251","1","19  >  57254 [PSH, ACK] Seq=38631251 Ack=1 Win=65280 Len=14784 TSval=2972607848 TSecr=1160812720"
"16.053038324","27578","38646035","1","19  >  57254 [PSH, ACK] Seq=38646035 Ack=1 Win=65280 Len=27512 TSval=2972607848 TSecr=1160812720"
"16.053596795","19906","38673547","1","[TCP Window Full] 19  >  57254 [PSH, ACK] Seq=38673547 Ack=1 Win=65280 Len=19840 TSval=2972607848 TSecr=1160812721"
"16.225438309","17874","38693387","1","19  >  57254 [PSH, ACK] Seq=38693387 Ack=1 Win=65280 Len=17808 TSval=2972608020 TSecr=1160812893"
"16.225464830","65226","38711195","1","19  >  57254 [PSH, ACK] Seq=38711195 Ack=1 Win=65280 Len=65160 TSval=2972608020 TSecr=1160812893"
"16.225472996","62330","38776355","1","19  >  57254 [PSH, ACK] Seq=38776355 Ack=1 Win=65280 Len=62264 TSval=2972608020 TSecr=1160812893"
"16.225974430","2962","38838619","1","19  >  57254 [PSH, ACK] Seq=38838619 Ack=1 Win=65280 Len=2896 TSval=2972608021 TSecr=1160812893"
"16.225984058","65226","38841515","1","19  >  57254 [PSH, ACK] Seq=38841515 Ack=1 Win=65280 Len=65160 TSval=2972608021 TSecr=1160812893"
"16.232844900","34242","38906675","1","[TCP Window Full] 19  >  57254 [PSH, ACK] Seq=38906675 Ack=1 Win=65280 Len=34176 TSval=2972608028 TSecr=1160812900"
"16.355694453","31050","38940851","1","19  >  57254 [PSH, ACK] Seq=38940851 Ack=1 Win=65280 Len=30984 TSval=2972608150 TSecr=1160813023"
"16.355722657","65226","38971835","1","19  >  57254 [PSH, ACK] Seq=38971835 Ack=1 Win=65280 Len=65160 TSval=2972608150 TSecr=1160813023"
"16.355728819","56538","39036995","1","19  >  57254 [PSH, ACK] Seq=39036995 Ack=1 Win=65280 Len=56472 TSval=2972608150 TSecr=1160813023"
"16.356233281","8754","39093467","1","19  >  57254 [PSH, ACK] Seq=39093467 Ack=1 Win=65280 Len=8688 TSval=2972608151 TSecr=1160813024"
"16.356252688","65226","39102155","1","19  >  57254 [PSH, ACK] Seq=39102155 Ack=1 Win=65280 Len=65160 TSval=2972608151 TSecr=1160813024"
"16.356256936","1994","39167315","1","[TCP Window Full] 19  >  57254 [PSH, ACK] Seq=39167315 Ack=1 Win=65280 Len=1928 TSval=2972608151 TSecr=1160813024"
"16.364781993","34242","39169243","1","[TCP Window Full] 19  >  57254 [PSH, ACK] Seq=39169243 Ack=1 Win=65280 Len=34176 TSval=2972608160 TSecr=1160813032"
"16.567697072","29122","39203419","1","19  >  57254 [PSH, ACK] Seq=39203419 Ack=1 Win=65280 Len=29056 TSval=2972608362 TSecr=1160813235"
"16.567725416","65226","39232475","1","19  >  57254 [PSH, ACK] Seq=39232475 Ack=1 Win=65280 Len=65160 TSval=2972608362 TSecr=1160813235"
"16.567727981","65226","39297635","1","19  >  57254 [PSH, ACK] Seq=39297635 Ack=1 Win=65280 Len=65160 TSval=2972608362 TSecr=1160813235"
"16.567736528","36266","39362795","1","19  >  57254 [PSH, ACK] Seq=39362795 Ack=1 Win=65280 Len=36200 TSval=2972608362 TSecr=1160813235"
"16.568123178","29026","39398995","1","19  >  57254 [PSH, ACK] Seq=39398995 Ack=1 Win=65280 Len=28960 TSval=2972608363 TSecr=1160813236"
"16.573513074","65226","39427955","1","19  >  57254 [PSH, ACK] Seq=39427955 Ack=1 Win=65280 Len=65160 TSval=2972608368 TSecr=1160813241"
"16.573540317","30522","39493115","1","[TCP Window Full] 19  >  57254 [PSH, ACK] Seq=39493115 Ack=1 Win=65280 Len=30456 TSval=2972608368 TSecr=1160813241"
"16.574062150","34770","39523571","1","19  >  57254 [PSH, ACK] Seq=39523571 Ack=1 Win=65280 Len=34704 TSval=2972608369 TSecr=1160813242"
"16.574082199","11650","39558275","1","19  >  57254 [PSH, ACK] Seq=39558275 Ack=1 Win=65280 Len=11584 TSval=2972608369 TSecr=1160813242"
"16.576599723","21954","39569859","1","[TCP Window Full] 19  >  57254 [PSH, ACK] Seq=39569859 Ack=1 Win=65280 Len=21888 TSval=2972608371 TSecr=1160813244"
"16.767700440","31754","39591747","1","19  >  57254 [PSH, ACK] Seq=39591747 Ack=1 Win=65280 Len=31688 TSval=2972608562 TSecr=1160813435"
"16.767724206","65226","39623435","1","19  >  57254 [PSH, ACK] Seq=39623435 Ack=1 Win=65280 Len=65160 TSval=2972608562 TSecr=1160813435"
"16.767725819","65226","39688595","1","19  >  57254 [PSH, ACK] Seq=39688595 Ack=1 Win=65280 Len=65160 TSval=2972608562 TSecr=1160813435"
"16.767731340","7306","39753755","1","19  >  57254 [PSH, ACK] Seq=39753755 Ack=1 Win=65280 Len=7240 TSval=2972608562 TSecr=1160813435"
"16.768238329","57986","39760995","1","19  >  57254 [PSH, ACK] Seq=39760995 Ack=1 Win=65280 Len=57920 TSval=2972608563 TSecr=1160813436"
"16.768266523","25474","39818915","1","[TCP Window Full] 19  >  57254 [PSH, ACK] Seq=39818915 Ack=1 Win=65280 Len=25408 TSval=2972608563 TSecr=1160813436"
"16.777045524","38338","39844323","1","[TCP Window Full] 19  >  57254 [PSH, ACK] Seq=39844323 Ack=1 Win=65280 Len=38272 TSval=2972608572 TSecr=1160813444"
"16.777657918","1546","39882595","1","19  >  57254 [PSH, ACK] Seq=39882595 Ack=1 Win=65280 Len=1480 TSval=2972608572 TSecr=1160813445"
"16.777677716","15994","39884075","1","19  >  57254 [PSH, ACK] Seq=39884075 Ack=1 Win=65280 Len=15928 TSval=2972608572 TSecr=1160813445"
"16.912472154","49298","39900003","1","19  >  57254 [PSH, ACK] Seq=39900003 Ack=1 Win=65280 Len=49232 TSval=2972608707 TSecr=1160813580"
"16.912500659","65226","39949235","1","19  >  57254 [PSH, ACK] Seq=39949235 Ack=1 Win=65280 Len=65160 TSval=2972608707 TSecr=1160813580"
"16.912508545","45546","40014395","1","[TCP Window Full] 19  >  57254 [PSH, ACK] Seq=40014395 Ack=1 Win=65280 Len=45480 TSval=2972608707 TSecr=1160813580"
"16.913350083","19746","40059875","1","19  >  57254 [PSH, ACK] Seq=40059875 Ack=1 Win=65280 Len=19680 TSval=2972608708 TSecr=1160813581"
"16.913362197","55090","40079555","1","19  >  57254 [PSH, ACK] Seq=40079555 Ack=1 Win=65280 Len=55024 TSval=2972608708 TSecr=1160813581"
"16.913878320","10202","40134579","1","19  >  57254 [PSH, ACK] Seq=40134579 Ack=1 Win=65280 Len=10136 TSval=2972608709 TSecr=1160813582"
"16.913897286","26154","40144715","1","[TCP Window Full] 19  >  57254 [PSH, ACK] Seq=40144715 Ack=1 Win=65280 Len=26088 TSval=2972608709 TSecr=1160813582"
"17.046255164","39138","40170803","1","19  >  57254 [PSH, ACK] Seq=40170803 Ack=1 Win=65280 Len=39072 TSval=2972608841 TSecr=1160813714"
"17.046282647","65226","40209875","1","19  >  57254 [PSH, ACK] Seq=40209875 Ack=1 Win=65280 Len=65160 TSval=2972608841 TSecr=1160813714"
"17.046288498","50746","40275035","1","19  >  57254 [PSH, ACK] Seq=40275035 Ack=1 Win=65280 Len=50680 TSval=2972608841 TSecr=1160813714"
"17.046865293","14546","40325715","1","19  >  57254 [PSH, ACK] Seq=40325715 Ack=1 Win=65280 Len=14480 TSval=2972608842 TSecr=1160813714"
"17.046901152","60722","40340195","1","[TCP Window Full] 19  >  57254 [PSH, ACK] Seq=40340195 Ack=1 Win=65280 Len=60656 TSval=2972608842 TSecr=1160813714"
"17.047751015","4570","40400851","1","19  >  57254 [PSH, ACK] Seq=40400851 Ack=1 Win=65280 Len=4504 TSval=2972608843 TSecr=1160813715"
"17.047777226","30474","40405355","1","19  >  57254 [PSH, ACK] Seq=40405355 Ack=1 Win=65280 Len=30408 TSval=2972608843 TSecr=1160813715"
"17.061808062","1514","40434315","1","[TCP Retransmission] 19  >  57254 [ACK] Seq=40434315 Ack=1 Win=65280 Len=1448 TSval=2972608857 TSecr=1160813715"
"17.273743839","1474","40435763","1","[TCP Window Full] 19  >  57254 [PSH, ACK] Seq=40435763 Ack=1 Win=65280 Len=1408 TSval=2972609069 TSecr=1160813736"
"17.276514626","33410","40437171","1","19  >  57254 [PSH, ACK] Seq=40437171 Ack=1 Win=65280 Len=33344 TSval=2972609071 TSecr=1160813944"
"17.276531528","65226","40470515","1","19  >  57254 [PSH, ACK] Seq=40470515 Ack=1 Win=65280 Len=65160 TSval=2972609071 TSecr=1160813944"
"17.276533562","65226","40535675","1","19  >  57254 [PSH, ACK] Seq=40535675 Ack=1 Win=65280 Len=65160 TSval=2972609071 TSecr=1160813944"
"17.276537530","20338","40600835","1","19  >  57254 [PSH, ACK] Seq=40600835 Ack=1 Win=65280 Len=20272 TSval=2972609071 TSecr=1160813944"
"17.277155495","44954","40621107","1","19  >  57254 [PSH, ACK] Seq=40621107 Ack=1 Win=65280 Len=44888 TSval=2972609072 TSecr=1160813945"
"17.277164963","44650","40665995","1","[TCP Window Full] 19  >  57254 [PSH, ACK] Seq=40665995 Ack=1 Win=65280 Len=44584 TSval=2972609072 TSecr=1160813945"
"17.277678653","20642","40710579","1","19  >  57254 [PSH, ACK] Seq=40710579 Ack=1 Win=65280 Len=20576 TSval=2972609072 TSecr=1160813945"
"17.277685556","23234","40731155","1","19  >  57254 [PSH, ACK] Seq=40731155 Ack=1 Win=65280 Len=23168 TSval=2972609072 TSecr=1160813945"
"17.278215918","19906","40754323","1","[TCP Window Full] 19  >  57254 [PSH, ACK] Seq=40754323 Ack=1 Win=65280 Len=19840 TSval=2972609073 TSecr=1160813946"
"17.400399833","22218","40774163","1","19  >  57254 [PSH, ACK] Seq=40774163 Ack=1 Win=65280 Len=22152 TSval=2972609195 TSecr=1160814068"
"17.400427747","65226","40796315","1","19  >  57254 [PSH, ACK] Seq=40796315 Ack=1 Win=65280 Len=65160 TSval=2972609195 TSecr=1160814068"
"17.400433228","62330","40861475","1","19  >  57254 [PSH, ACK] Seq=40861475 Ack=1 Win=65280 Len=62264 TSval=2972609195 TSecr=1160814068"
"17.400865634","2962","40923739","1","19  >  57254 [PSH, ACK] Seq=40923739 Ack=1 Win=65280 Len=2896 TSval=2972609196 TSecr=1160814069"
"17.400881735","65226","40926635","1","19  >  57254 [PSH, ACK] Seq=40926635 Ack=1 Win=65280 Len=65160 TSval=2972609196 TSecr=1160814069"
"17.400884470","3050","40991795","1","[TCP Window Full] 19  >  57254 [PSH, ACK] Seq=40991795 Ack=1 Win=65280 Len=2984 TSval=2972609196 TSecr=1160814069"
"17.401324809","34242","40994779","1","[TCP Window Full] 19  >  57254 [PSH, ACK] Seq=40994779 Ack=1 Win=65280 Len=34176 TSval=2972609196 TSecr=1160814069"
"17.558114196","28066","41028955","1","19  >  57254 [PSH, ACK] Seq=41028955 Ack=1 Win=65280 Len=28000 TSval=2972609353 TSecr=1160814226"
"17.558149234","65226","41056955","1","19  >  57254 [PSH, ACK] Seq=41056955 Ack=1 Win=65280 Len=65160 TSval=2972609353 TSecr=1160814226"
"17.558156277","57986","41122115","1","19  >  57254 [PSH, ACK] Seq=41122115 Ack=1 Win=65280 Len=57920 TSval=2972609353 TSecr=1160814226"
"17.559173965","7306","41180035","1","19  >  57254 [PSH, ACK] Seq=41180035 Ack=1 Win=65280 Len=7240 TSval=2972609354 TSecr=1160814227"
"17.559193552","65226","41187275","1","19  >  57254 [PSH, ACK] Seq=41187275 Ack=1 Win=65280 Len=65160 TSval=2972609354 TSecr=1160814227"
"17.559828153","36290","41252435","1","[TCP Window Full] 19  >  57254 [PSH, ACK] Seq=41252435 Ack=1 Win=65280 Len=36224 TSval=2972609355 TSecr=1160814228"
"17.560278739","17858","41288659","1","[TCP Window Full] 19  >  57254 [PSH, ACK] Seq=41288659 Ack=1 Win=65280 Len=17792 TSval=2972609355 TSecr=1160814228"
"17.733690224","11210","41306451","1","19  >  57254 [PSH, ACK] Seq=41306451 Ack=1 Win=65280 Len=11144 TSval=2972609528 TSecr=1160814401"
"17.733713539","65226","41317595","1","19  >  57254 [PSH, ACK] Seq=41317595 Ack=1 Win=65280 Len=65160 TSval=2972609528 TSecr=1160814401"
"17.733715273","65226","41382755","1","19  >  57254 [PSH, ACK] Seq=41382755 Ack=1 Win=65280 Len=65160 TSval=2972609528 TSecr=1160814401"
"17.733720577","34818","41447915","1","19  >  57254 [PSH, ACK] Seq=41447915 Ack=1 Win=65280 Len=34752 TSval=2972609528 TSecr=1160814401"
"17.734265219","30474","41482667","1","19  >  57254 [PSH, ACK] Seq=41482667 Ack=1 Win=65280 Len=30408 TSval=2972609529 TSecr=1160814402"
"17.734289065","55034","41513075","1","[TCP Window Full] 19  >  57254 [PSH, ACK] Seq=41513075 Ack=1 Win=65280 Len=54968 TSval=2972609529 TSecr=1160814402"
"17.734828649","10258","41568043","1","19  >  57254 [PSH, ACK] Seq=41568043 Ack=1 Win=65280 Len=10192 TSval=2972609530 TSecr=1160814403"
"17.734850340","29026","41578235","1","19  >  57254 [PSH, ACK] Seq=41578235 Ack=1 Win=65280 Len=28960 TSval=2972609530 TSecr=1160814403"
"17.735432915","17858","41607195","1","[TCP Window Full] 19  >  57254 [PSH, ACK] Seq=41607195 Ack=1 Win=65280 Len=17792 TSval=2972609530 TSecr=1160814403"
"17.941912391","66","41624986","1","[TCP Keep-Alive] 19  >  57254 [ACK] Seq=41624986 Ack=1 Win=65280 Len=0 TSval=2972609737 TSecr=1160814404"
"18.050246847","18474","41624987","1","19  >  57254 [PSH, ACK] Seq=41624987 Ack=1 Win=65280 Len=18408 TSval=2972609845 TSecr=1160814718"
"18.050269421","65226","41643395","1","19  >  57254 [PSH, ACK] Seq=41643395 Ack=1 Win=65280 Len=65160 TSval=2972609845 TSecr=1160814718"
"18.050272497","65226","41708555","1","19  >  57254 [PSH, ACK] Seq=41708555 Ack=1 Win=65280 Len=65160 TSval=2972609845 TSecr=1160814718"
"18.050280502","27578","41773715","1","19  >  57254 [PSH, ACK] Seq=41773715 Ack=1 Win=65280 Len=27512 TSval=2972609845 TSecr=1160814718"
"18.050676696","8250","41801227","1","[TCP Window Full] 19  >  57254 [PSH, ACK] Seq=41801227 Ack=1 Win=65280 Len=8184 TSval=2972609845 TSecr=1160814719"
"18.050714178","29530","41809411","1","19  >  57254 [PSH, ACK] Seq=41809411 Ack=1 Win=65280 Len=29464 TSval=2972609846 TSecr=1160814719"
"18.050728526","46402","41838875","1","19  >  57254 [PSH, ACK] Seq=41838875 Ack=1 Win=65280 Len=46336 TSval=2972609846 TSecr=1160814719"
"18.051318003","18890","41885211","1","19  >  57254 [PSH, ACK] Seq=41885211 Ack=1 Win=65280 Len=18824 TSval=2972609846 TSecr=1160814719"
"18.051336048","19514","41904035","1","[TCP Window Full] 19  >  57254 [PSH, ACK] Seq=41904035 Ack=1 Win=65280 Len=19448 TSval=2972609846 TSecr=1160814719"
"18.051868724","17858","41923483","1","[TCP Window Full] 19  >  57254 [PSH, ACK] Seq=41923483 Ack=1 Win=65280 Len=17792 TSval=2972609847 TSecr=1160814720"
"18.224868201","27986","41941275","1","19  >  57254 [PSH, ACK] Seq=41941275 Ack=1 Win=65280 Len=27920 TSval=2972610020 TSecr=1160814893"
"18.224884332","65226","41969195","1","19  >  57254 [PSH, ACK] Seq=41969195 Ack=1 Win=65280 Len=65160 TSval=2972610020 TSecr=1160814893"
"18.224886135","65226","42034355","1","19  >  57254 [PSH, ACK] Seq=42034355 Ack=1 Win=65280 Len=65160 TSval=2972610020 TSecr=1160814893"
"18.224890333","21786","42099515","1","19  >  57254 [PSH, ACK] Seq=42099515 Ack=1 Win=65280 Len=21720 TSval=2972610020 TSecr=1160814893"
"18.225354497","43506","42121235","1","19  >  57254 [PSH, ACK] Seq=42121235 Ack=1 Win=65280 Len=43440 TSval=2972610020 TSecr=1160814893"
"18.225367853","44050","42164675","1","[TCP Window Full] 19  >  57254 [PSH, ACK] Seq=42164675 Ack=1 Win=65280 Len=43984 TSval=2972610020 TSecr=1160814893"
"18.225917250","21242","42208659","1","19  >  57254 [PSH, ACK] Seq=42208659 Ack=1 Win=65280 Len=21176 TSval=2972610021 TSecr=1160814894"
"18.225937850","20338","42229835","1","19  >  57254 [PSH, ACK] Seq=42229835 Ack=1 Win=65280 Len=20272 TSval=2972610021 TSecr=1160814894"
"18.226465436","19906","42250107","1","[TCP Window Full] 19  >  57254 [PSH, ACK] Seq=42250107 Ack=1 Win=65280 Len=19840 TSval=2972610021 TSecr=1160814894"
"18.382696179","25114","42269947","1","19  >  57254 [PSH, ACK] Seq=42269947 Ack=1 Win=65280 Len=25048 TSval=2972610177 TSecr=1160815051"
"18.382718412","65226","42294995","1","19  >  57254 [PSH, ACK] Seq=42294995 Ack=1 Win=65280 Len=65160 TSval=2972610177 TSecr=1160815051"
"18.382724434","59434","42360155","1","19  >  57254 [PSH, ACK] Seq=42360155 Ack=1 Win=65280 Len=59368 TSval=2972610177 TSecr=1160815051"
"18.383210846","5858","42419523","1","19  >  57254 [PSH, ACK] Seq=42419523 Ack=1 Win=65280 Len=5792 TSval=2972610178 TSecr=1160815051"
"18.383219833","65226","42425315","1","19  >  57254 [PSH, ACK] Seq=42425315 Ack=1 Win=65280 Len=65160 TSval=2972610178 TSecr=1160815051"
"18.388175038","34242","42490475","1","[TCP Window Full] 19  >  57254 [PSH, ACK] Seq=42490475 Ack=1 Win=65280 Len=34176 TSval=2972610183 TSecr=1160815056"
"18.565703471","31050","42524651","1","19  >  57254 [PSH, ACK] Seq=42524651 Ack=1 Win=65280 Len=30984 TSval=2972610360 TSecr=1160815233"
"18.565727888","65226","42555635","1","19  >  57254 [PSH, ACK] Seq=42555635 Ack=1 Win=65280 Len=65160 TSval=2972610360 TSecr=1160815233"
"18.565730513","65226","42620795","1","19  >  57254 [PSH, ACK] Seq=42620795 Ack=1 Win=65280 Len=65160 TSval=2972610360 TSecr=1160815233"
"18.565736625","24682","42685955","1","19  >  57254 [PSH, ACK] Seq=42685955 Ack=1 Win=65280 Len=24616 TSval=2972610360 TSecr=1160815233"
"18.566600059","40610","42710571","1","19  >  57254 [PSH, ACK] Seq=42710571 Ack=1 Win=65280 Len=40544 TSval=2972610361 TSecr=1160815235"
"18.566618214","49634","42751115","1","[TCP Window Full] 19  >  57254 [PSH, ACK] Seq=42751115 Ack=1 Win=65280 Len=49568 TSval=2972610361 TSecr=1160815235"
"18.572081254","15658","42800683","1","19  >  57254 [PSH, ACK] Seq=42800683 Ack=1 Win=65280 Len=15592 TSval=2972610367 TSecr=1160815240"
"18.572091734","26130","42816275","1","19  >  57254 [PSH, ACK] Seq=42816275 Ack=1 Win=65280 Len=26064 TSval=2972610367 TSecr=1160815240"
"18.572584237","19906","42842339","1","[TCP Window Full] 19  >  57254 [PSH, ACK] Seq=42842339 Ack=1 Win=65280 Len=19840 TSval=2972610367 TSecr=1160815241"
"18.755174426","19322","42862179","1","19  >  57254 [PSH, ACK] Seq=42862179 Ack=1 Win=65280 Len=19256 TSval=2972610550 TSecr=1160815423"
"18.755194515","65226","42881435","1","19  >  57254 [PSH, ACK] Seq=42881435 Ack=1 Win=65280 Len=65160 TSval=2972610550 TSecr=1160815423"
"18.755196809","65226","42946595","1","19  >  57254 [PSH, ACK] Seq=42946595 Ack=1 Win=65280 Len=65160 TSval=2972610550 TSecr=1160815423"
"18.755202300","42058","43011755","1","19  >  57254 [PSH, ACK] Seq=43011755 Ack=1 Win=65280 Len=41992 TSval=2972610550 TSecr=1160815423"
"18.773854828","1514","43052299","1","[TCP Retransmission] 19  >  57254 [ACK] Seq=43052299 Ack=1 Win=65280 Len=1448 TSval=2972610569 TSecr=1160815423"
"18.780785414","23234","43053747","1","19  >  57254 [PSH, ACK] Seq=43053747 Ack=1 Win=65280 Len=23168 TSval=2972610576 TSecr=1160815449"
"18.780814640","65226","43076915","1","19  >  57254 [PSH, ACK] Seq=43076915 Ack=1 Win=65280 Len=65160 TSval=2972610576 TSecr=1160815449"
"18.780819099","5306","43142075","1","[TCP Window Full] 19  >  57254 [PSH, ACK] Seq=43142075 Ack=1 Win=65280 Len=5240 TSval=2972610576 TSecr=1160815449"
"18.792314921","44482","43147315","1","[TCP Window Full] 19  >  57254 [PSH, ACK] Seq=43147315 Ack=1 Win=65280 Len=44416 TSval=2972610587 TSecr=1160815460"
"18.792932180","15570","43191731","1","19  >  57254 [PSH, ACK] Seq=43191731 Ack=1 Win=65280 Len=15504 TSval=2972610588 TSecr=1160815461"
"18.792939043","5858","43207235","1","19  >  57254 [PSH, ACK] Seq=43207235 Ack=1 Win=65280 Len=5792 TSval=2972610588 TSecr=1160815461"
"18.952605174","59434","43213027","1","19  >  57254 [PSH, ACK] Seq=43213027 Ack=1 Win=65280 Len=59368 TSval=2972610747 TSecr=1160815621"
"18.952623279","65226","43272395","1","19  >  57254 [PSH, ACK] Seq=43272395 Ack=1 Win=65280 Len=65160 TSval=2972610747 TSecr=1160815621"
"18.952626775","41554","43337555","1","[TCP Window Full] 19  >  57254 [PSH, ACK] Seq=43337555 Ack=1 Win=65280 Len=41488 TSval=2972610747 TSecr=1160815621"
"18.953102352","23738","43379043","1","19  >  57254 [PSH, ACK] Seq=43379043 Ack=1 Win=65280 Len=23672 TSval=2972610748 TSecr=1160815621"
"18.953111890","55090","43402715","1","19  >  57254 [PSH, ACK] Seq=43402715 Ack=1 Win=65280 Len=55024 TSval=2972610748 TSecr=1160815621"
"18.953599908","10202","43457739","1","19  >  57254 [PSH, ACK] Seq=43457739 Ack=1 Win=65280 Len=10136 TSval=2972610748 TSecr=1160815622"
"18.953611630","28202","43467875","1","[TCP Window Full] 19  >  57254 [PSH, ACK] Seq=43467875 Ack=1 Win=65280 Len=28136 TSval=2972610748 TSecr=1160815622"
"18.954090006","17858","43496011","1","[TCP Window Full] 19  >  57254 [PSH, ACK] Seq=43496011 Ack=1 Win=65280 Len=17792 TSval=2972610749 TSecr=1160815622"
"19.070813782","19298","43513803","1","19  >  57254 [PSH, ACK] Seq=43513803 Ack=1 Win=65280 Len=19232 TSval=2972610866 TSecr=1160815739"
"19.070839091","65226","43533035","1","19  >  57254 [PSH, ACK] Seq=43533035 Ack=1 Win=65280 Len=65160 TSval=2972610866 TSecr=1160815739"
"19.070849942","60882","43598195","1","19  >  57254 [PSH, ACK] Seq=43598195 Ack=1 Win=65280 Len=60816 TSval=2972610866 TSecr=1160815739"
"19.089876572","1514","43657563","1","[TCP Retransmission] 19  >  57254 [ACK] Seq=43657563 Ack=1 Win=65280 Len=1448 TSval=2972610885 TSecr=1160815739"
"19.091737084","4410","43659011","1","19  >  57254 [PSH, ACK] Seq=43659011 Ack=1 Win=65280 Len=4344 TSval=2972610887 TSecr=1160815760"
"19.091759637","65226","43663355","1","19  >  57254 [PSH, ACK] Seq=43663355 Ack=1 Win=65280 Len=65160 TSval=2972610887 TSecr=1160815760"
"19.091765408","1602","43728515","1","[TCP Window Full] 19  >  57254 [PSH, ACK] Seq=43728515 Ack=1 Win=65280 Len=1536 TSval=2972610887 TSecr=1160815760"
"19.095715454","32194","43730051","1","[TCP Window Full] 19  >  57254 [PSH, ACK] Seq=43730051 Ack=1 Win=65280 Len=32128 TSval=2972610891 TSecr=1160815764"
"19.170956150","31562","43762179","1","19  >  57254 [PSH, ACK] Seq=43762179 Ack=1 Win=65280 Len=31496 TSval=2972610966 TSecr=1160815839"
"19.170982781","65226","43793675","1","19  >  57254 [PSH, ACK] Seq=43793675 Ack=1 Win=65280 Len=65160 TSval=2972610966 TSecr=1160815839"
"19.170988272","56538","43858835","1","19  >  57254 [PSH, ACK] Seq=43858835 Ack=1 Win=65280 Len=56472 TSval=2972610966 TSecr=1160815839"
"19.171416266","8754","43915307","1","19  >  57254 [PSH, ACK] Seq=43915307 Ack=1 Win=65280 Len=8688 TSval=2972610966 TSecr=1160815840"
"19.171433419","65226","43923995","1","19  >  57254 [PSH, ACK] Seq=43923995 Ack=1 Win=65280 Len=65160 TSval=2972610966 TSecr=1160815840"
"19.171798091","36290","43989155","1","[TCP Window Full] 19  >  57254 [PSH, ACK] Seq=43989155 Ack=1 Win=65280 Len=36224 TSval=2972610967 TSecr=1160815840"
"19.172225596","17858","44025379","1","[TCP Window Full] 19  >  57254 [PSH, ACK] Seq=44025379 Ack=1 Win=65280 Len=17792 TSval=2972610967 TSecr=1160815840"
"19.310548756","11210","44043171","1","19  >  57254 [PSH, ACK] Seq=44043171 Ack=1 Win=65280 Len=11144 TSval=2972611105 TSecr=1160815979"
"19.310582090","65226","44054315","1","19  >  57254 [PSH, ACK] Seq=44054315 Ack=1 Win=65280 Len=65160 TSval=2972611105 TSecr=1160815979"
"19.310583934","65226","44119475","1","19  >  57254 [PSH, ACK] Seq=44119475 Ack=1 Win=65280 Len=65160 TSval=2972611105 TSecr=1160815979"
"19.310589114","1514","44184635","1","19  >  57254 [ACK] Seq=44184635 Ack=1 Win=65280 Len=1448 TSval=2972611105 TSecr=1160815979"
"19.311009043","63778","44186083","1","19  >  57254 [PSH, ACK] Seq=44186083 Ack=1 Win=65280 Len=63712 TSval=2972611106 TSecr=1160815979"
"19.311015225","5346","44249795","1","[TCP Window Full] 19  >  57254 [PSH, ACK] Seq=44249795 Ack=1 Win=65280 Len=5280 TSval=2972611106 TSecr=1160815979"
"19.311407230","32194","44255075","1","[TCP Window Full] 19  >  57254 [PSH, ACK] Seq=44255075 Ack=1 Win=65280 Len=32128 TSval=2972611106 TSecr=1160815980"
"19.457502357","27818","44287203","1","19  >  57254 [PSH, ACK] Seq=44287203 Ack=1 Win=65280 Len=27752 TSval=2972611252 TSecr=1160816125"
"19.457528968","65226","44314955","1","19  >  57254 [PSH, ACK] Seq=44314955 Ack=1 Win=65280 Len=65160 TSval=2972611252 TSecr=1160816125"
"19.457531633","65226","44380115","1","19  >  57254 [PSH, ACK] Seq=44380115 Ack=1 Win=65280 Len=65160 TSval=2972611252 TSecr=1160816125"
"19.457536844","26130","44445275","1","19  >  57254 [PSH, ACK] Seq=44445275 Ack=1 Win=65280 Len=26064 TSval=2972611252 TSecr=1160816125"
"19.458126010","39162","44471339","1","19  >  57254 [PSH, ACK] Seq=44471339 Ack=1 Win=65280 Len=39096 TSval=2972611253 TSecr=1160816126"
"19.458144746","50442","44510435","1","[TCP Window Full] 19  >  57254 [PSH, ACK] Seq=44510435 Ack=1 Win=65280 Len=50376 TSval=2972611253 TSecr=1160816126"
"19.458501358","14850","44560811","1","19  >  57254 [PSH, ACK] Seq=44560811 Ack=1 Win=65280 Len=14784 TSval=2972611253 TSecr=1160816127"
"19.458519964","27578","44575595","1","19  >  57254 [PSH, ACK] Seq=44575595 Ack=1 Win=65280 Len=27512 TSval=2972611253 TSecr=1160816127"
"19.458967782","19906","44603107","1","[TCP Window Full] 19  >  57254 [PSH, ACK] Seq=44603107 Ack=1 Win=65280 Len=19840 TSval=2972611254 TSecr=1160816127"
"19.604132364","17874","44622947","1","19  >  57254 [PSH, ACK] Seq=44622947 Ack=1 Win=65280 Len=17808 TSval=2972611399 TSecr=1160816272"
"19.604163905","65226","44640755","1","19  >  57254 [PSH, ACK] Seq=44640755 Ack=1 Win=65280 Len=65160 TSval=2972611399 TSecr=1160816272"
"19.604169426","62330","44705915","1","19  >  57254 [PSH, ACK] Seq=44705915 Ack=1 Win=65280 Len=62264 TSval=2972611399 TSecr=1160816272"
"19.604580565","2962","44768179","1","19  >  57254 [PSH, ACK] Seq=44768179 Ack=1 Win=65280 Len=2896 TSval=2972611399 TSecr=1160816273"
"19.604597037","65226","44771075","1","19  >  57254 [PSH, ACK] Seq=44771075 Ack=1 Win=65280 Len=65160 TSval=2972611399 TSecr=1160816273"
"19.604974915","34242","44836235","1","[TCP Window Full] 19  >  57254 [PSH, ACK] Seq=44836235 Ack=1 Win=65280 Len=34176 TSval=2972611400 TSecr=1160816273"
"19.699852723","31050","44870411","1","19  >  57254 [PSH, ACK] Seq=44870411 Ack=1 Win=65280 Len=30984 TSval=2972611495 TSecr=1160816367"
"19.699904373","65226","44901395","1","19  >  57254 [PSH, ACK] Seq=44901395 Ack=1 Win=65280 Len=65160 TSval=2972611495 TSecr=1160816367"
"19.699914132","56538","44966555","1","19  >  57254 [PSH, ACK] Seq=44966555 Ack=1 Win=65280 Len=56472 TSval=2972611495 TSecr=1160816367"
"19.713793523","1514","45021579","1","[TCP Retransmission] 19  >  57254 [ACK] Seq=45021579 Ack=1 Win=65280 Len=1448 TSval=2972611509 TSecr=1160816367"
"19.731876873","8754","45023027","1","19  >  57254 [PSH, ACK] Seq=45023027 Ack=1 Win=65280 Len=8688 TSval=2972611527 TSecr=1160816400"
"19.731900779","65226","45031715","1","19  >  57254 [PSH, ACK] Seq=45031715 Ack=1 Win=65280 Len=65160 TSval=2972611527 TSecr=1160816400"
"19.731906420","1994","45096875","1","[TCP Window Full] 19  >  57254 [PSH, ACK] Seq=45096875 Ack=1 Win=65280 Len=1928 TSval=2972611527 TSecr=1160816400"
"19.743706614","34242","45098803","1","[TCP Window Full] 19  >  57254 [PSH, ACK] Seq=45098803 Ack=1 Win=65280 Len=34176 TSval=2972611538 TSecr=1160816412"
"19.920196755","29122","45132979","1","19  >  57254 [PSH, ACK] Seq=45132979 Ack=1 Win=65280 Len=29056 TSval=2972611715 TSecr=1160816588"
"19.920224158","65226","45162035","1","19  >  57254 [PSH, ACK] Seq=45162035 Ack=1 Win=65280 Len=65160 TSval=2972611715 TSecr=1160816588"
"19.920226703","65226","45227195","1","19  >  57254 [PSH, ACK] Seq=45227195 Ack=1 Win=65280 Len=65160 TSval=2972611715 TSecr=1160816588"
"19.920232083","36266","45292355","1","19  >  57254 [PSH, ACK] Seq=45292355 Ack=1 Win=65280 Len=36200 TSval=2972611715 TSecr=1160816588"
"19.920622658","29026","45328555","1","19  >  57254 [PSH, ACK] Seq=45328555 Ack=1 Win=65280 Len=28960 TSval=2972611715 TSecr=1160816589"
"19.920646934","65226","45357515","1","19  >  57254 [PSH, ACK] Seq=45357515 Ack=1 Win=65280 Len=65160 TSval=2972611715 TSecr=1160816589"
"19.920652134","17946","45422675","1","[TCP Window Full] 19  >  57254 [PSH, ACK] Seq=45422675 Ack=1 Win=65280 Len=17880 TSval=2972611715 TSecr=1160816589"
"19.921054695","47346","45440555","1","19  >  57254 [PSH, ACK] Seq=45440555 Ack=1 Win=65280 Len=47280 TSval=2972611716 TSecr=1160816589"
"19.921073160","4410","45487835","1","19  >  57254 [PSH, ACK] Seq=45487835 Ack=1 Win=65280 Len=4344 TSval=2972611716 TSecr=1160816589"
"19.921482872","24002","45492179","1","[TCP Window Full] 19  >  57254 [PSH, ACK] Seq=45492179 Ack=1 Win=65280 Len=23936 TSval=2972611716 TSecr=1160816590"
"20.066519299","36946","45516115","1","19  >  57254 [PSH, ACK] Seq=45516115 Ack=1 Win=65280 Len=36880 TSval=2972611861 TSecr=1160816735"
"20.066546602","65226","45552995","1","19  >  57254 [PSH, ACK] Seq=45552995 Ack=1 Win=65280 Len=65160 TSval=2972611861 TSecr=1160816735"
"20.066576810","50746","45618155","1","19  >  57254 [PSH, ACK] Seq=45618155 Ack=1 Win=65280 Len=50680 TSval=2972611861 TSecr=1160816735"
"20.067325249","14546","45668835","1","19  >  57254 [PSH, ACK] Seq=45668835 Ack=1 Win=65280 Len=14480 TSval=2972611862 TSecr=1160816736"
"20.067347512","58674","45683315","1","[TCP Window Full] 19  >  57254 [PSH, ACK] Seq=45683315 Ack=1 Win=65280 Len=58608 TSval=2972611862 TSecr=1160816736"
"20.085807992","754","45741235","1","[TCP Window Full] [TCP Retransmission] 19  >  57254 [ACK] Seq=45741235 Ack=1 Win=65280 Len=688 TSval=2972611881 TSecr=1160816736"
"20.103952451","6618","45741923","1","19  >  57254 [PSH, ACK] Seq=45741923 Ack=1 Win=65280 Len=6552 TSval=2972611899 TSecr=1160816772"
"20.103979934","27578","45748475","1","19  >  57254 [PSH, ACK] Seq=45748475 Ack=1 Win=65280 Len=27512 TSval=2972611899 TSecr=1160816772"
"20.130068822","1514","45774539","1","[TCP Retransmission] 19  >  57254 [ACK] Seq=45774539 Ack=1 Win=65280 Len=1448 TSval=2972611925 TSecr=1160816772"
"20.361737910","194","45775987","1","[TCP Window Full] 19  >  57254 [PSH, ACK] Seq=45775987 Ack=1 Win=65280 Len=128 TSval=2972612157 TSecr=1160816816"
"20.514701243","37586","45776115","1","19  >  57254 [PSH, ACK] Seq=45776115 Ack=1 Win=65280 Len=37520 TSval=2972612309 TSecr=1160817183"
"20.514726001","65226","45813635","1","19  >  57254 [PSH, ACK] Seq=45813635 Ack=1 Win=65280 Len=65160 TSval=2972612309 TSecr=1160817183"
"20.514731011","50746","45878795","1","19  >  57254 [PSH, ACK] Seq=45878795 Ack=1 Win=65280 Len=50680 TSval=2972612309 TSecr=1160817183"
"20.528908249","14546","45929475","1","19  >  57254 [PSH, ACK] Seq=45929475 Ack=1 Win=65280 Len=14480 TSval=2972612324 TSecr=1160817197"
"20.528935622","58674","45943955","1","[TCP Window Full] 19  >  57254 [PSH, ACK] Seq=45943955 Ack=1 Win=65280 Len=58608 TSval=2972612324 TSecr=1160817197"
"20.545878635","6618","46002563","1","19  >  57254 [PSH, ACK] Seq=46002563 Ack=1 Win=65280 Len=6552 TSval=2972612341 TSecr=1160817214"
"20.545902602","27578","46009115","1","19  >  57254 [PSH, ACK] Seq=46009115 Ack=1 Win=65280 Len=27512 TSval=2972612341 TSecr=1160817214"
"20.762041926","194","46036627","1","[TCP Window Full] 19  >  57254 [PSH, ACK] Seq=46036627 Ack=1 Win=65280 Len=128 TSval=2972612557 TSecr=1160817215"
"20.965327967","37586","46036755","1","19  >  57254 [PSH, ACK] Seq=46036755 Ack=1 Win=65280 Len=37520 TSval=2972612760 TSecr=1160817634"
"20.965352244","65226","46074275","1","19  >  57254 [PSH, ACK] Seq=46074275 Ack=1 Win=65280 Len=65160 TSval=2972612760 TSecr=1160817634"
"20.965358806","50746","46139435","1","19  >  57254 [PSH, ACK] Seq=46139435 Ack=1 Win=65280 Len=50680 TSval=2972612760 TSecr=1160817634"
"20.983529512","14546","46190115","1","19  >  57254 [PSH, ACK] Seq=46190115 Ack=1 Win=65280 Len=14480 TSval=2972612778 TSecr=1160817652"
"20.983554280","58674","46204595","1","[TCP Window Full] 19  >  57254 [PSH, ACK] Seq=46204595 Ack=1 Win=65280 Len=58608 TSval=2972612778 TSecr=1160817652"
"20.999634259","6618","46263203","1","19  >  57254 [PSH, ACK] Seq=46263203 Ack=1 Win=65280 Len=6552 TSval=2972612794 TSecr=1160817668"
"20.999658566","27578","46269755","1","19  >  57254 [PSH, ACK] Seq=46269755 Ack=1 Win=65280 Len=27512 TSval=2972612794 TSecr=1160817668"
"21.225809524","194","46297267","1","[TCP Window Full] 19  >  57254 [PSH, ACK] Seq=46297267 Ack=1 Win=65280 Len=128 TSval=2972613021 TSecr=1160817680"
"21.293004555","37586","46297395","1","19  >  57254 [PSH, ACK] Seq=46297395 Ack=1 Win=65280 Len=37520 TSval=2972613088 TSecr=1160817962"
"21.293013653","65226","46334915","1","19  >  57254 [PSH, ACK] Seq=46334915 Ack=1 Win=65280 Len=65160 TSval=2972613088 TSecr=1160817962"
"21.293015997","50746","46400075","1","19  >  57254 [PSH, ACK] Seq=46400075 Ack=1 Win=65280 Len=50680 TSval=2972613088 TSecr=1160817962"
"21.309339632","14546","46450755","1","19  >  57254 [PSH, ACK] Seq=46450755 Ack=1 Win=65280 Len=14480 TSval=2972613104 TSecr=1160817978"
"21.309368648","58674","46465235","1","[TCP Window Full] 19  >  57254 [PSH, ACK] Seq=46465235 Ack=1 Win=65280 Len=58608 TSval=2972613104 TSecr=1160817978"
"21.341775951","754","46523155","1","[TCP Window Full] [TCP Retransmission] 19  >  57254 [ACK] Seq=46523155 Ack=1 Win=65280 Len=688 TSval=2972613137 TSecr=1160817978"
"21.342120745","6618","46523843","1","19  >  57254 [PSH, ACK] Seq=46523843 Ack=1 Win=65280 Len=6552 TSval=2972613137 TSecr=1160818011"
"21.342130725","27578","46530395","1","19  >  57254 [PSH, ACK] Seq=46530395 Ack=1 Win=65280 Len=27512 TSval=2972613137 TSecr=1160818011"
"21.573795679","194","46557907","1","[TCP Window Full] 19  >  57254 [PSH, ACK] Seq=46557907 Ack=1 Win=65280 Len=128 TSval=2972613369 TSecr=1160818022"
"21.674611830","37586","46558035","1","19  >  57254 [PSH, ACK] Seq=46558035 Ack=1 Win=65280 Len=37520 TSval=2972613469 TSecr=1160818343"
"21.674638021","65226","46595555","1","19  >  57254 [PSH, ACK] Seq=46595555 Ack=1 Win=65280 Len=65160 TSval=2972613469 TSecr=1160818343"
"21.674786205","50746","46660715","1","19  >  57254 [PSH, ACK] Seq=46660715 Ack=1 Win=65280 Len=50680 TSval=2972613470 TSecr=1160818343"
"21.709814868","1514","46709947","1","[TCP Retransmission] 19  >  57254 [ACK] Seq=46709947 Ack=1 Win=65280 Len=1448 TSval=2972613505 TSecr=1160818343"
"21.710177422","14546","46711395","1","19  >  57254 [PSH, ACK] Seq=46711395 Ack=1 Win=65280 Len=14480 TSval=2972613505 TSecr=1160818379"
"21.710210376","58674","46725875","1","[TCP Window Full] 19  >  57254 [PSH, ACK] Seq=46725875 Ack=1 Win=65280 Len=58608 TSval=2972613505 TSecr=1160818379"
"21.751204327","6618","46784483","1","19  >  57254 [PSH, ACK] Seq=46784483 Ack=1 Win=65280 Len=6552 TSval=2972613546 TSecr=1160818420"
"21.751232251","27578","46791035","1","19  >  57254 [PSH, ACK] Seq=46791035 Ack=1 Win=65280 Len=27512 TSval=2972613546 TSecr=1160818420"
"21.977836839","194","46818547","1","[TCP Window Full] 19  >  57254 [PSH, ACK] Seq=46818547 Ack=1 Win=65280 Len=128 TSval=2972613773 TSecr=1160818424"
"22.090391519","37586","46818675","1","19  >  57254 [PSH, ACK] Seq=46818675 Ack=1 Win=65280 Len=37520 TSval=2972613885 TSecr=1160818759"
"22.090416547","65226","46856195","1","19  >  57254 [PSH, ACK] Seq=46856195 Ack=1 Win=65280 Len=65160 TSval=2972613885 TSecr=1160818759"
"22.090583786","50746","46921355","1","19  >  57254 [PSH, ACK] Seq=46921355 Ack=1 Win=65280 Len=50680 TSval=2972613885 TSecr=1160818759"
"22.108224703","14546","46972035","1","19  >  57254 [PSH, ACK] Seq=46972035 Ack=1 Win=65280 Len=14480 TSval=2972613903 TSecr=1160818777"
"22.108247858","58674","46986515","1","[TCP Window Full] 19  >  57254 [PSH, ACK] Seq=46986515 Ack=1 Win=65280 Len=58608 TSval=2972613903 TSecr=1160818777"
"22.108484728","6618","47045123","1","19  >  57254 [PSH, ACK] Seq=47045123 Ack=1 Win=65280 Len=6552 TSval=2972613903 TSecr=1160818777"
"22.108502753","27578","47051675","1","19  >  57254 [PSH, ACK] Seq=47051675 Ack=1 Win=65280 Len=27512 TSval=2972613903 TSecr=1160818777"
"22.341807562","194","47079187","1","[TCP Window Full] 19  >  57254 [PSH, ACK] Seq=47079187 Ack=1 Win=65280 Len=128 TSval=2972614137 TSecr=1160818793"
"22.558180911","66","47079314","1","[TCP Keep-Alive] 19  >  57254 [ACK] Seq=47079314 Ack=1 Win=65280 Len=0 TSval=2972614353 TSecr=1160819011"
"22.561764261","37586","47079315","1","19  >  57254 [PSH, ACK] Seq=47079315 Ack=1 Win=65280 Len=37520 TSval=2972614357 TSecr=1160819231"
"22.561784630","65226","47116835","1","19  >  57254 [PSH, ACK] Seq=47116835 Ack=1 Win=65280 Len=65160 TSval=2972614357 TSecr=1160819231"
"22.561787816","65226","47181995","1","19  >  57254 [PSH, ACK] Seq=47181995 Ack=1 Win=65280 Len=65160 TSval=2972614357 TSecr=1160819231"
"22.561947327","17442","47247155","1","19  >  57254 [PSH, ACK] Seq=47247155 Ack=1 Win=65280 Len=17376 TSval=2972614357 TSecr=1160819231"
"22.562127274","18386","47264531","1","[TCP Window Full] 19  >  57254 [PSH, ACK] Seq=47264531 Ack=1 Win=65280 Len=18320 TSval=2972614357 TSecr=1160819231"
"22.583468675","29530","47282851","1","19  >  57254 [PSH, ACK] Seq=47282851 Ack=1 Win=65280 Len=29464 TSval=2972614378 TSecr=1160819253"
"22.583478423","49298","47312315","1","19  >  57254 [PSH, ACK] Seq=47312315 Ack=1 Win=65280 Len=49232 TSval=2972614378 TSecr=1160819253"
"22.601731731","15994","47361547","1","19  >  57254 [PSH, ACK] Seq=47361547 Ack=1 Win=65280 Len=15928 TSval=2972614397 TSecr=1160819270"
"22.601759073","20362","47377475","1","[TCP Window Full] 19  >  57254 [PSH, ACK] Seq=47377475 Ack=1 Win=65280 Len=20296 TSval=2972614397 TSecr=1160819270"
"22.614810741","17858","47397771","1","[TCP Window Full] 19  >  57254 [PSH, ACK] Seq=47397771 Ack=1 Win=65280 Len=17792 TSval=2972614410 TSecr=1160819284"
"22.858205326","66","47415562","1","[TCP Keep-Alive] 19  >  57254 [ACK] Seq=47415562 Ack=1 Win=65280 Len=0 TSval=2972614653 TSecr=1160819309"
"22.871638862","27138","47415563","1","19  >  57254 [PSH, ACK] Seq=47415563 Ack=1 Win=65280 Len=27072 TSval=2972614666 TSecr=1160819541"
"22.871653490","65226","47442635","1","19  >  57254 [PSH, ACK] Seq=47442635 Ack=1 Win=65280 Len=65160 TSval=2972614666 TSecr=1160819541"
"22.871658340","55090","47507795","1","19  >  57254 [PSH, ACK] Seq=47507795 Ack=1 Win=65280 Len=55024 TSval=2972614666 TSecr=1160819541"
"22.888783284","10202","47562819","1","19  >  57254 [PSH, ACK] Seq=47562819 Ack=1 Win=65280 Len=10136 TSval=2972614684 TSecr=1160819558"
"22.888801629","60970","47572955","1","[TCP Window Full] 19  >  57254 [PSH, ACK] Seq=47572955 Ack=1 Win=65280 Len=60904 TSval=2972614684 TSecr=1160819558"
"22.893182788","4322","47633859","1","19  >  57254 [PSH, ACK] Seq=47633859 Ack=1 Win=65280 Len=4256 TSval=2972614688 TSecr=1160819562"
"22.893206313","29026","47638115","1","19  >  57254 [PSH, ACK] Seq=47638115 Ack=1 Win=65280 Len=28960 TSval=2972614688 TSecr=1160819562"
"23.117784512","1090","47667075","1","[TCP Window Full] 19  >  57254 [PSH, ACK] Seq=47667075 Ack=1 Win=65280 Len=1024 TSval=2972614913 TSecr=1160819570"
"23.230637822","35242","47668099","1","19  >  57254 [PSH, ACK] Seq=47668099 Ack=1 Win=65280 Len=35176 TSval=2972615025 TSecr=1160819900"
"23.230653603","65226","47703275","1","19  >  57254 [PSH, ACK] Seq=47703275 Ack=1 Win=65280 Len=65160 TSval=2972615025 TSecr=1160819900"
"23.230657761","50746","47768435","1","19  >  57254 [PSH, ACK] Seq=47768435 Ack=1 Win=65280 Len=50680 TSval=2972615025 TSecr=1160819900"
"23.246851752","14546","47819115","1","19  >  57254 [PSH, ACK] Seq=47819115 Ack=1 Win=65280 Len=14480 TSval=2972615042 TSecr=1160819916"
"23.246870278","58674","47833595","1","[TCP Window Full] 19  >  57254 [PSH, ACK] Seq=47833595 Ack=1 Win=65280 Len=58608 TSval=2972615042 TSecr=1160819916"
"23.266947652","6618","47892203","1","19  >  57254 [PSH, ACK] Seq=47892203 Ack=1 Win=65280 Len=6552 TSval=2972615062 TSecr=1160819936"
"23.266979403","27578","47898755","1","19  >  57254 [PSH, ACK] Seq=47898755 Ack=1 Win=65280 Len=27512 TSval=2972615062 TSecr=1160819936"
"23.505833951","194","47926267","1","[TCP Window Full] 19  >  57254 [PSH, ACK] Seq=47926267 Ack=1 Win=65280 Len=128 TSval=2972615301 TSecr=1160819956"
"23.587316068","37586","47926395","1","19  >  57254 [PSH, ACK] Seq=47926395 Ack=1 Win=65280 Len=37520 TSval=2972615382 TSecr=1160820256"
"23.587349693","65226","47963915","1","19  >  57254 [PSH, ACK] Seq=47963915 Ack=1 Win=65280 Len=65160 TSval=2972615382 TSecr=1160820256"
"23.587548531","50746","48029075","1","19  >  57254 [PSH, ACK] Seq=48029075 Ack=1 Win=65280 Len=50680 TSval=2972615382 TSecr=1160820256"
"23.588886795","14546","48079755","1","19  >  57254 [PSH, ACK] Seq=48079755 Ack=1 Win=65280 Len=14480 TSval=2972615384 TSecr=1160820258"
"23.588909319","58674","48094235","1","[TCP Window Full] 19  >  57254 [PSH, ACK] Seq=48094235 Ack=1 Win=65280 Len=58608 TSval=2972615384 TSecr=1160820258"
"23.603507156","6618","48152843","1","19  >  57254 [PSH, ACK] Seq=48152843 Ack=1 Win=65280 Len=6552 TSval=2972615398 TSecr=1160820273"
"23.603537514","27578","48159395","1","19  >  57254 [PSH, ACK] Seq=48159395 Ack=1 Win=65280 Len=27512 TSval=2972615398 TSecr=1160820273"
"23.841765697","194","48186907","1","[TCP Window Full] 19  >  57254 [PSH, ACK] Seq=48186907 Ack=1 Win=65280 Len=128 TSval=2972615637 TSecr=1160820292"
"24.054138618","37586","48187035","1","19  >  57254 [PSH, ACK] Seq=48187035 Ack=1 Win=65280 Len=37520 TSval=2972615849 TSecr=1160820723"
"24.054161141","65226","48224555","1","19  >  57254 [PSH, ACK] Seq=48224555 Ack=1 Win=65280 Len=65160 TSval=2972615849 TSecr=1160820723"
"24.054311288","50746","48289715","1","19  >  57254 [PSH, ACK] Seq=48289715 Ack=1 Win=65280 Len=50680 TSval=2972615849 TSecr=1160820723"
"24.054868138","14546","48340395","1","19  >  57254 [PSH, ACK] Seq=48340395 Ack=1 Win=65280 Len=14480 TSval=2972615850 TSecr=1160820724"
"24.054887084","58674","48354875","1","[TCP Window Full] 19  >  57254 [PSH, ACK] Seq=48354875 Ack=1 Win=65280 Len=58608 TSval=2972615850 TSecr=1160820724"
"24.055387975","6618","48413483","1","19  >  57254 [PSH, ACK] Seq=48413483 Ack=1 Win=65280 Len=6552 TSval=2972615850 TSecr=1160820725"
"24.055405869","27578","48420035","1","19  >  57254 [PSH, ACK] Seq=48420035 Ack=1 Win=65280 Len=27512 TSval=2972615850 TSecr=1160820725"
"24.265809440","194","48447547","1","[TCP Window Full] 19  >  57254 [PSH, ACK] Seq=48447547 Ack=1 Win=65280 Len=128 TSval=2972616061 TSecr=1160820725[Packet size limited during capture]"
"24.441082491","37586","48447675","1","19  >  57254 [PSH, ACK] Seq=48447675 Ack=1 Win=65280 Len=37520 TSval=2972616236 TSecr=1160821110"
"24.441107529","65226","48485195","1","19  >  57254 [PSH, ACK] Seq=48485195 Ack=1 Win=65280 Len=65160 TSval=2972616236 TSecr=1160821110"
"24.441117068","50746","48550355","1","19  >  57254 [PSH, ACK] Seq=48550355 Ack=1 Win=65280 Len=50680 TSval=2972616236 TSecr=1160821110"
"24.454266716","14546","48601035","1","19  >  57254 [PSH, ACK] Seq=48601035 Ack=1 Win=65280 Len=14480 TSval=2972616249 TSecr=1160821124"
"24.454286554","58674","48615515","1","[TCP Window Full] 19  >  57254 [PSH, ACK] Seq=48615515 Ack=1 Win=65280 Len=58608 TSval=2972616249 TSecr=1160821124"
"24.466846770","6618","48674123","1","19  >  57254 [PSH, ACK] Seq=48674123 Ack=1 Win=65280 Len=6552 TSval=2972616262 TSecr=1160821136"
"24.466876707","27578","48680675","1","19  >  57254 [PSH, ACK] Seq=48680675 Ack=1 Win=65280 Len=27512 TSval=2972616262 TSecr=1160821136"
"24.678226440","194","48708187","1","[TCP Window Full] 19  >  57254 [PSH, ACK] Seq=48708187 Ack=1 Win=65280 Len=128 TSval=2972616473 TSecr=1160821137"
"24.778604254","37586","48708315","1","19  >  57254 [PSH, ACK] Seq=48708315 Ack=1 Win=65280 Len=37520 TSval=2972616573 TSecr=1160821448"
"24.778627178","65226","48745835","1","19  >  57254 [PSH, ACK] Seq=48745835 Ack=1 Win=65280 Len=65160 TSval=2972616573 TSecr=1160821448"
"24.778632669","50746","48810995","1","19  >  57254 [PSH, ACK] Seq=48810995 Ack=1 Win=65280 Len=50680 TSval=2972616573 TSecr=1160821448"
"24.790111097","14546","48861675","1","19  >  57254 [PSH, ACK] Seq=48861675 Ack=1 Win=65280 Len=14480 TSval=2972616585 TSecr=1160821460"
"24.790135003","58674","48876155","1","[TCP Window Full] 19  >  57254 [PSH, ACK] Seq=48876155 Ack=1 Win=65280 Len=58608 TSval=2972616585 TSecr=1160821460"
"24.802895487","6618","48934763","1","19  >  57254 [PSH, ACK] Seq=48934763 Ack=1 Win=65280 Len=6552 TSval=2972616598 TSecr=1160821472"
"24.802919853","27578","48941315","1","19  >  57254 [PSH, ACK] Seq=48941315 Ack=1 Win=65280 Len=27512 TSval=2972616598 TSecr=1160821472"
"25.037741558","194","48968827","1","[TCP Window Full] 19  >  57254 [PSH, ACK] Seq=48968827 Ack=1 Win=65280 Len=128 TSval=2972616833 TSecr=1160821495"
"25.141688886","37586","48968955","1","19  >  57254 [PSH, ACK] Seq=48968955 Ack=1 Win=65280 Len=37520 TSval=2972616936 TSecr=1160821811"
"25.141760745","65226","49006475","1","19  >  57254 [PSH, ACK] Seq=49006475 Ack=1 Win=65280 Len=65160 TSval=2972616936 TSecr=1160821811"
"25.141902449","50746","49071635","1","19  >  57254 [PSH, ACK] Seq=49071635 Ack=1 Win=65280 Len=50680 TSval=2972616937 TSecr=1160821811"
"25.156241002","14546","49122315","1","19  >  57254 [PSH, ACK] Seq=49122315 Ack=1 Win=65280 Len=14480 TSval=2972616951 TSecr=1160821826"
"25.156275909","58674","49136795","1","[TCP Window Full] 19  >  57254 [PSH, ACK] Seq=49136795 Ack=1 Win=65280 Len=58608 TSval=2972616951 TSecr=1160821826"
"25.175840688","6618","49195403","1","19  >  57254 [PSH, ACK] Seq=49195403 Ack=1 Win=65280 Len=6552 TSval=2972616971 TSecr=1160821845"
"25.175865166","27578","49201955","1","19  >  57254 [PSH, ACK] Seq=49201955 Ack=1 Win=65280 Len=27512 TSval=2972616971 TSecr=1160821845"
"25.401811163","194","49229467","1","[TCP Window Full] 19  >  57254 [PSH, ACK] Seq=49229467 Ack=1 Win=65280 Len=128 TSval=2972617197 TSecr=1160821857"
"25.580437904","37586","49229595","1","19  >  57254 [PSH, ACK] Seq=49229595 Ack=1 Win=65280 Len=37520 TSval=2972617375 TSecr=1160822250"
"25.580443816","65226","49267115","1","19  >  57254 [PSH, ACK] Seq=49267115 Ack=1 Win=65280 Len=65160 TSval=2972617375 TSecr=1160822250"
"25.580465177","50746","49332275","1","19  >  57254 [PSH, ACK] Seq=49332275 Ack=1 Win=65280 Len=50680 TSval=2972617375 TSecr=1160822250"
"25.600084483","14546","49382955","1","19  >  57254 [PSH, ACK] Seq=49382955 Ack=1 Win=65280 Len=14480 TSval=2972617395 TSecr=1160822270"
"25.600094663","60466","49397435","1","[TCP Window Full] 19  >  57254 [PSH, ACK] Seq=49397435 Ack=1 Win=65280 Len=60400 TSval=2972617395 TSecr=1160822270"
"25.633726401","1098","49456803","1","[TCP Window Full] [TCP Retransmission] 19  >  57254 [ACK] Seq=49456803 Ack=1 Win=65280 Len=1032 TSval=2972617429 TSecr=1160822270"
"25.633739787","4826","49457835","1","19  >  57254 [PSH, ACK] Seq=49457835 Ack=1 Win=65280 Len=4760 TSval=2972617429 TSecr=1160822304"
"25.633746019","31922","49462595","1","19  >  57254 [PSH, ACK] Seq=49462595 Ack=1 Win=65280 Len=31856 TSval=2972617429 TSecr=1160822304"
"25.645520758","17346","49494451","1","[TCP Window Full] 19  >  57254 [PSH, ACK] Seq=49494451 Ack=1 Win=65280 Len=17280 TSval=2972617440 TSecr=1160822315"
"25.873723913","66","49511730","1","[TCP Keep-Alive] 19  >  57254 [ACK] Seq=49511730 Ack=1 Win=65280 Len=0 TSval=2972617669 TSecr=1160822324"
"26.178094365","16090","49511731","1","19  >  57254 [PSH, ACK] Seq=49511731 Ack=1 Win=65280 Len=16024 TSval=2972617973 TSecr=1160822848"
"26.178103252","47850","49527755","1","19  >  57254 [PSH, ACK] Seq=49527755 Ack=1 Win=65280 Len=47784 TSval=2972617973 TSecr=1160822848"
"26.178125384","17442","49575539","1","19  >  57254 [PSH, ACK] Seq=49575539 Ack=1 Win=65280 Len=17376 TSval=2972617973 TSecr=1160822848"
"26.178154531","14546","49592915","1","19  >  57254 [PSH, ACK] Seq=49592915 Ack=1 Win=65280 Len=14480 TSval=2972617973 TSecr=1160822848"
"26.178210969","34818","49607395","1","19  >  57254 [PSH, ACK] Seq=49607395 Ack=1 Win=65280 Len=34752 TSval=2972617973 TSecr=1160822848"
"26.179383117","15994","49642147","1","19  >  57254 [PSH, ACK] Seq=49642147 Ack=1 Win=65280 Len=15928 TSval=2972617974 TSecr=1160822849"
"26.179389018","63114","49658075","1","[TCP Window Full] 19  >  57254 [PSH, ACK] Seq=49658075 Ack=1 Win=65280 Len=63048 TSval=2972617974 TSecr=1160822849"
"26.184909752","2178","49721123","1","19  >  57254 [PSH, ACK] Seq=49721123 Ack=1 Win=65280 Len=2112 TSval=2972617980 TSecr=1160822855"
"26.184915333","34818","49723235","1","19  >  57254 [PSH, ACK] Seq=49723235 Ack=1 Win=65280 Len=34752 TSval=2972617980 TSecr=1160822855"
"26.206935066","18626","49757987","1","[TCP Window Full] 19  >  57254 [PSH, ACK] Seq=49757987 Ack=1 Win=65280 Len=18560 TSval=2972618002 TSecr=1160822877"
"26.425717884","66","49776546","1","[TCP Keep-Alive] 19  >  57254 [ACK] Seq=49776546 Ack=1 Win=65280 Len=0 TSval=2972618221 TSecr=1160822884"
"26.753845775","11914","49776547","1","19  >  57254 [PSH, ACK] Seq=49776547 Ack=1 Win=65280 Len=11848 TSval=2972618549 TSecr=1160823424"
"26.753853931","27578","49788395","1","19  >  57254 [PSH, ACK] Seq=49788395 Ack=1 Win=65280 Len=27512 TSval=2972618549 TSecr=1160823424"
"26.753855955","15994","49815907","1","19  >  57254 [PSH, ACK] Seq=49815907 Ack=1 Win=65280 Len=15928 TSval=2972618549 TSecr=1160823424"
"26.789710605","1514","49831835","1","19  >  57254 [ACK] Seq=49831835 Ack=1 Win=65280 Len=1448 TSval=2972618585 TSecr=1160823424"
"26.789776602","20338","49833283","1","19  >  57254 [PSH, ACK] Seq=49833283 Ack=1 Win=65280 Len=20272 TSval=2972618585 TSecr=1160823460"
"26.789782804","56538","49853555","1","19  >  57254 [PSH, ACK] Seq=49853555 Ack=1 Win=65280 Len=56472 TSval=2972618585 TSecr=1160823460"
"26.789825586","8754","49910027","1","19  >  57254 [PSH, ACK] Seq=49910027 Ack=1 Win=65280 Len=8688 TSval=2972618585 TSecr=1160823460"
"26.789826668","27402","49918715","1","[TCP Window Full] 19  >  57254 [PSH, ACK] Seq=49918715 Ack=1 Win=65280 Len=27336 TSval=2972618585 TSecr=1160823460[Packet size limited during capture]"
"26.833278156","37890","49946051","1","19  >  57254 [PSH, ACK] Seq=49946051 Ack=1 Win=65280 Len=37824 TSval=2972618628 TSecr=1160823504"
"26.833325174","15994","49983875","1","19  >  57254 [PSH, ACK] Seq=49983875 Ack=1 Win=65280 Len=15928 TSval=2972618628 TSecr=1160823504"
"26.877257565","26434","49999803","1","[TCP Window Full] 19  >  57254 [PSH, ACK] Seq=49999803 Ack=1 Win=65280 Len=26368 TSval=2972618672 TSecr=1160823548"
"27.145726718","66","50026170","1","[TCP Keep-Alive] 19  >  57254 [ACK] Seq=50026170 Ack=1 Win=65280 Len=0 TSval=2972618941 TSecr=1160823592"
"27.209275119","22930","50026171","1","19  >  57254 [PSH, ACK] Seq=50026171 Ack=1 Win=65280 Len=22864 TSval=2972619004 TSecr=1160823880"
"27.209281441","56538","50049035","1","19  >  57254 [PSH, ACK] Seq=50049035 Ack=1 Win=65280 Len=56472 TSval=2972619004 TSecr=1160823880"
"27.209346056","8754","50105507","1","19  >  57254 [PSH, ACK] Seq=50105507 Ack=1 Win=65280 Len=8688 TSval=2972619004 TSecr=1160823880"
"27.209349937","24682","50114195","1","19  >  57254 [PSH, ACK] Seq=50114195 Ack=1 Win=65280 Len=24616 TSval=2972619004 TSecr=1160823880"
"27.228537190","40610","50138811","1","19  >  57254 [PSH, ACK] Seq=50138811 Ack=1 Win=65280 Len=40544 TSval=2972619023 TSecr=1160823899"
"27.228542661","34146","50179355","1","[TCP Window Full] 19  >  57254 [PSH, ACK] Seq=50179355 Ack=1 Win=65280 Len=34080 TSval=2972619023 TSecr=1160823899"
"27.228765660","31146","50213435","1","19  >  57254 [PSH, ACK] Seq=50213435 Ack=1 Win=65280 Len=31080 TSval=2972619024 TSecr=1160823899"
"27.228795882","4410","50244515","1","19  >  57254 [PSH, ACK] Seq=50244515 Ack=1 Win=65280 Len=4344 TSval=2972619024 TSecr=1160823899"
"27.228857457","16586","50248859","1","[TCP Window Full] 19  >  57254 [PSH, ACK] Seq=50248859 Ack=1 Win=65280 Len=16520 TSval=2972619024 TSecr=1160823899"
"27.228869711","1514","50265379","1","19  >  57254 [ACK] Seq=50265379 Ack=1 Win=65280 Len=1448 TSval=2972619024 TSecr=1160823899"
"27.446722380","42914","50266827","1","19  >  57254 [PSH, ACK] Seq=50266827 Ack=1 Win=65280 Len=42848 TSval=2972619242 TSecr=1160824117"
"27.446728031","56538","50309675","1","19  >  57254 [PSH, ACK] Seq=50309675 Ack=1 Win=65280 Len=56472 TSval=2972619242 TSecr=1160824117"
"27.446789005","8754","50366147","1","19  >  57254 [PSH, ACK] Seq=50366147 Ack=1 Win=65280 Len=8688 TSval=2972619242 TSecr=1160824117"
"27.446803733","4410","50374835","1","19  >  57254 [PSH, ACK] Seq=50374835 Ack=1 Win=65280 Len=4344 TSval=2972619242 TSecr=1160824117"
"27.462335894","60882","50379179","1","19  >  57254 [PSH, ACK] Seq=50379179 Ack=1 Win=65280 Len=60816 TSval=2972619257 TSecr=1160824133"
"27.462402428","6962","50439995","1","[TCP Window Full] 19  >  57254 [PSH, ACK] Seq=50439995 Ack=1 Win=65280 Len=6896 TSval=2972619257 TSecr=1160824133"
"27.479675462","33474","50446891","1","[TCP Window Full] 19  >  57254 [PSH, ACK] Seq=50446891 Ack=1 Win=65280 Len=33408 TSval=2972619274 TSecr=1160824150"
"27.697714511","66","50480298","1","[TCP Keep-Alive] 19  >  57254 [ACK] Seq=50480298 Ack=1 Win=65280 Len=0 TSval=2972619493 TSecr=1160824150"
"27.698634773","24922","50480299","1","19  >  57254 [PSH, ACK] Seq=50480299 Ack=1 Win=65280 Len=24856 TSval=2972619493 TSecr=1160824369"
"27.698639723","56538","50505155","1","19  >  57254 [PSH, ACK] Seq=50505155 Ack=1 Win=65280 Len=56472 TSval=2972619493 TSecr=1160824369"
"27.698699452","8754","50561627","1","19  >  57254 [PSH, ACK] Seq=50561627 Ack=1 Win=65280 Len=8688 TSval=2972619493 TSecr=1160824369"
"27.698717778","21786","50570315","1","19  >  57254 [PSH, ACK] Seq=50570315 Ack=1 Win=65280 Len=21720 TSval=2972619493 TSecr=1160824369[Packet size limited during capture]"
"27.698733975","43506","50592035","1","19  >  57254 [PSH, ACK] Seq=50592035 Ack=1 Win=65280 Len=43440 TSval=2972619494 TSecr=1160824369"
"27.698766076","8754","50635475","1","19  >  57254 [PSH, ACK] Seq=50635475 Ack=1 Win=65280 Len=8688 TSval=2972619494 TSecr=1160824369"
"27.713451482","56538","50644163","1","19  >  57254 [PSH, ACK] Seq=50644163 Ack=1 Win=65280 Len=56472 TSval=2972619508 TSecr=1160824384"
"27.713501984","11818","50700635","1","[TCP Window Full] 19  >  57254 [PSH, ACK] Seq=50700635 Ack=1 Win=65280 Len=11752 TSval=2972619508 TSecr=1160824384"
"27.730213748","33218","50712387","1","[TCP Window Full] 19  >  57254 [PSH, ACK] Seq=50712387 Ack=1 Win=65280 Len=33152 TSval=2972619525 TSecr=1160824401"
"27.969709065","66","50745538","1","[TCP Keep-Alive] 19  >  57254 [ACK] Seq=50745538 Ack=1 Win=65280 Len=0 TSval=2972619765 TSecr=1160824423"
"28.143875399","20322","50745539","1","19  >  57254 [PSH, ACK] Seq=50745539 Ack=1 Win=65280 Len=20256 TSval=2972619939 TSecr=1160824814"
"28.143879387","65226","50765795","1","19  >  57254 [PSH, ACK] Seq=50765795 Ack=1 Win=65280 Len=65160 TSval=2972619939 TSecr=1160824814"
"28.143885438","53642","50830955","1","19  >  57254 [PSH, ACK] Seq=50830955 Ack=1 Win=65280 Len=53576 TSval=2972619939 TSecr=1160824814"
"28.143974400","11650","50884531","1","19  >  57254 [PSH, ACK] Seq=50884531 Ack=1 Win=65280 Len=11584 TSval=2972619939 TSecr=1160824815"
"28.143980080","7218","50896115","1","[TCP Window Full] 19  >  57254 [PSH, ACK] Seq=50896115 Ack=1 Win=65280 Len=7152 TSval=2972619939 TSecr=1160824815"
"28.157359562","58074","50903267","1","19  >  57254 [PSH, ACK] Seq=50903267 Ack=1 Win=65280 Len=58008 TSval=2972619952 TSecr=1160824828"
"28.157406402","8754","50961275","1","19  >  57254 [PSH, ACK] Seq=50961275 Ack=1 Win=65280 Len=8688 TSval=2972619952 TSecr=1160824828"
"28.173604501","33218","50969963","1","[TCP Window Full] 19  >  57254 [PSH, ACK] Seq=50969963 Ack=1 Win=65280 Len=33152 TSval=2972619968 TSecr=1160824844"
"28.387023815","23386","51003115","1","19  >  57254 [PSH, ACK] Seq=51003115 Ack=1 Win=65280 Len=23320 TSval=2972620182 TSecr=1160825058"
"28.387029756","65226","51026435","1","19  >  57254 [PSH, ACK] Seq=51026435 Ack=1 Win=65280 Len=65160 TSval=2972620182 TSecr=1160825058"
"28.387035177","52194","51091595","1","19  >  57254 [PSH, ACK] Seq=51091595 Ack=1 Win=65280 Len=52128 TSval=2972620182 TSecr=1160825058"
"28.387123136","11802","51143723","1","[TCP Window Full] 19  >  57254 [PSH, ACK] Seq=51143723 Ack=1 Win=65280 Len=11736 TSval=2972620182 TSecr=1160825058"
"28.396608326","1362","51155459","1","19  >  57254 [ACK] Seq=51155459 Ack=1 Win=65280 Len=1296 TSval=2972620191 TSecr=1160825067"
"28.396617193","60882","51156755","1","19  >  57254 [PSH, ACK] Seq=51156755 Ack=1 Win=65280 Len=60816 TSval=2972620191 TSecr=1160825067"
"28.429714668","1514","51216123","1","[TCP Retransmission] 19  >  57254 [ACK] Seq=51216123 Ack=1 Win=65280 Len=1448 TSval=2972620225 TSecr=1160825067"
"28.429774413","4410","51217571","1","19  >  57254 [PSH, ACK] Seq=51217571 Ack=1 Win=65280 Len=4344 TSval=2972620225 TSecr=1160825100"
"28.429781407","27338","51221915","1","[TCP Window Full] 19  >  57254 [PSH, ACK] Seq=51221915 Ack=1 Win=65280 Len=27272 TSval=2972620225 TSecr=1160825100"
"28.653714898","66","51249186","1","[TCP Keep-Alive] 19  >  57254 [ACK] Seq=51249186 Ack=1 Win=65280 Len=0 TSval=2972620449 TSecr=1160825107"
"28.796313522","37954","51249187","1","19  >  57254 [PSH, ACK] Seq=51249187 Ack=1 Win=65280 Len=37888 TSval=2972620591 TSecr=1160825467"
"28.796319083","65226","51287075","1","19  >  57254 [PSH, ACK] Seq=51287075 Ack=1 Win=65280 Len=65160 TSval=2972620591 TSecr=1160825467"
"28.796369089","43506","51352235","1","19  >  57254 [PSH, ACK] Seq=51352235 Ack=1 Win=65280 Len=43440 TSval=2972620591 TSecr=1160825467"
"28.796432922","21786","51395675","1","19  >  57254 [PSH, ACK] Seq=51395675 Ack=1 Win=65280 Len=21720 TSval=2972620591 TSecr=1160825467"
"28.796439224","9650","51417395","1","[TCP Window Full] 19  >  57254 [PSH, ACK] Seq=51417395 Ack=1 Win=65280 Len=9584 TSval=2972620591 TSecr=1160825467"
"28.818898033","55642","51426979","1","19  >  57254 [PSH, ACK] Seq=51426979 Ack=1 Win=65280 Len=55576 TSval=2972620614 TSecr=1160825490"
"28.818956395","11650","51482555","1","19  >  57254 [PSH, ACK] Seq=51482555 Ack=1 Win=65280 Len=11584 TSval=2972620614 TSecr=1160825490"
"28.860759165","33986","51494139","1","[TCP Window Full] 19  >  57254 [PSH, ACK] Seq=51494139 Ack=1 Win=65280 Len=33920 TSval=2972620656 TSecr=1160825532"
"29.077714738","66","51528058","1","[TCP Keep-Alive] 19  >  57254 [ACK] Seq=51528058 Ack=1 Win=65280 Len=0 TSval=2972620873 TSecr=1160825532"
"29.345271657","19722","51528059","1","19  >  57254 [PSH, ACK] Seq=51528059 Ack=1 Win=65280 Len=19656 TSval=2972621140 TSecr=1160826016"
"29.345278961","40610","51547715","1","19  >  57254 [PSH, ACK] Seq=51547715 Ack=1 Win=65280 Len=40544 TSval=2972621140 TSecr=1160826016"
"29.345291726","20338","51588259","1","19  >  57254 [PSH, ACK] Seq=51588259 Ack=1 Win=65280 Len=20272 TSval=2972621140 TSecr=1160826016"
"29.345352653","4410","51608531","1","19  >  57254 [PSH, ACK] Seq=51608531 Ack=1 Win=65280 Len=4344 TSval=2972621140 TSecr=1160826016"
"29.345358615","36266","51612875","1","19  >  57254 [PSH, ACK] Seq=51612875 Ack=1 Win=65280 Len=36200 TSval=2972621140 TSecr=1160826016"
"29.376618625","29026","51649075","1","19  >  57254 [PSH, ACK] Seq=51649075 Ack=1 Win=65280 Len=28960 TSval=2972621171 TSecr=1160826047"
"29.376642751","57250","51678035","1","[TCP Window Full] 19  >  57254 [PSH, ACK] Seq=51678035 Ack=1 Win=65280 Len=57184 TSval=2972621171 TSecr=1160826047"
"29.377434366","8042","51735219","1","19  >  57254 [PSH, ACK] Seq=51735219 Ack=1 Win=65280 Len=7976 TSval=2972621172 TSecr=1160826048"
"29.377440718","33370","51743195","1","19  >  57254 [PSH, ACK] Seq=51743195 Ack=1 Win=65280 Len=33304 TSval=2972621172 TSecr=1160826048"
"29.377999515","20674","51776499","1","[TCP Window Full] 19  >  57254 [PSH, ACK] Seq=51776499 Ack=1 Win=65280 Len=20608 TSval=2972621173 TSecr=1160826049"
"29.593711106","66","51797106","1","[TCP Keep-Alive] 19  >  57254 [ACK] Seq=51797106 Ack=1 Win=65280 Len=0 TSval=2972621389 TSecr=1160826049"
